acc,Assay Type,AvgSpotLen,Bases,BioProject,BioSample,Bytes,Center Name,Consent,DATASTORE_filetype_ss,DATASTORE_provider_ss,DATASTORE_region_ss,Experiment,Instrument,LibraryLayout,LibrarySelection,LibrarySource,MBases,MBytes,Organism,Platform,ReleaseDate,sample_acc,Sample Name,SRA Study,GEO_Accession (exp),source_name,Cell_Line,Cell_type,tissue,Age,Library Name,adapter_sequence,Barcode,Biomaterial_provider,BioSampleModel,cell_population,Description,disease,Donor,gender,hsv-1_infection,isolate,number_of_cells_in_sample,passages,RNA_Isolation,RNA-seq_Data_Files,sample_name,sample_title,sequencing_id,sex,stage,storage,taxonomy_id
DRR028492,RNA-Seq,302,1022089102,PRJDB3416,SAMD00023530,718893869,RIKEN_CLST_DGT,public,sra,"gs,ncbi,s3","gs.US,ncbi.public,s3.us-east-1",DRX019715,Illumina HiSeq 2500,PAIRED,cDNA,TRANSCRIPTOMIC,1022,685,Homo sapiens,ILLUMINA,2015-01-14T00:00:00Z,DRS016933,DRS016933,DRP002435,,,HeLa S3,,,,RNhi10397,,,,,,Cervix-Epithelium adenocarcinoma cell line HeLa S3,,,,,,,,,,Cell line HeLa S3,Cell line HeLa S3,,,,,9606
SRR10303453,RNA-Seq,150,2980198042,PRJNA578166,SAMN13051792,1588791175,GEO,public,"fastq,sra","gs,ncbi,s3","gs.US,ncbi.public,s3.us-east-1",SRX7016070,Illumina HiSeq 4000,SINGLE,cDNA,TRANSCRIPTOMIC,2980,1515,Homo sapiens,ILLUMINA,2019-10-29T00:00:00Z,SRS5537590,GSM4128538,SRP226115,GSM4128538,Kidney,,,Kidney,33,,,,,,,,AKI,,female,,,,,,,,,ATR18,,,OCT at -80C,
SRR4895842,RNA-Seq,302,137964472,PRJNA352390,SAMN05977845,73595342,GEO,public,"contigs,fastq,sra","gs,ncbi,s3","gs.US,ncbi.public,s3.us-east-1",SRX2325205,Illumina HiSeq 4000,PAIRED,cDNA,TRANSCRIPTOMIC,137,70,Homo sapiens,ILLUMINA,2018-07-26T00:00:00Z,SRS1781039,GSM2374356,SRP092548,GSM2374356,Cytotrophoblast of Week 8,,Cytotrophoblast,,,,,,,,HLA-G-/CDH1+,,,,,,,,,,,,,,,Week 8,,
SRR5375307,RNA-Seq,151,271698981,PRJNA380343,SAMN06640997,170399983,GEO,public,"fastq,sra,unknown_contigs","gs,ncbi,s3","gs.US,ncbi.public,s3.us-east-1",SRX2670680,Illumina HiSeq 2500,SINGLE,cDNA,TRANSCRIPTOMIC,271,162,Homo sapiens,ILLUMINA,2017-07-17T00:00:00Z,SRS2070042,GSM2548675,SRP102433,GSM2548675,CD8+ CMV-specific T cell donor 1,,,CD8+ CMV-specific T cell,,,,,,,,,,Donor 1,,,,1,,,,,,,,,,
SRR5515378,RNA-Seq,302,2419279720,PRJNA352881,SAMN06819413,1276333637,HANGZHOU CANCER HOSPITAL,public,"fastq,sra","gs,ncbi,s3","gs.US,ncbi.public,s3.us-east-1",SRX2788737,Illumina HiSeq 4000,PAIRED,cDNA,TRANSCRIPTOMIC,2419,1217,Homo sapiens,ILLUMINA,2018-05-11T00:00:00Z,SRS2170287,single-cell KYSE30-33,SRP106621,,,KYSE-30,Cancer cells from esophageal,Human esophageal,64,154,,,JCRB cell bank,Human,,,,,,,Human esophageal squamous cancer cells,,,,154,,,,male,,,
SRR6116514,RNA-Seq,151,1934235859,PRJNA380401,SAMN07716854,688945020,GEO,public,"fastq,sra","gs,ncbi,s3","gs.US,ncbi.public,s3.us-east-1",SRX3229272,Illumina HiSeq 4000,SINGLE,cDNA,TRANSCRIPTOMIC,1934,657,Homo sapiens,ILLUMINA,2017-10-10T00:00:00Z,SRS2553840,GSM2787810,SRP102444,GSM2787810,HeLa cells,HeLa,,,,,GATCGGAAGAGCACACGT,TAGGCAT,,,,,,,,Infected 4h before harvesting,,,,total RNA,,,,,,,,
SRR6411409,RNA-Seq,151,4906235375,PRJNA427270,SAMN08226006,2599472224,GEO,public,"fastq,sra","gs,ncbi,s3","gs.US,ncbi.public,s3.us-east-1",SRX3504425,Illumina HiSeq 4000,SINGLE,cDNA,TRANSCRIPTOMIC,4906,2479,Homo sapiens,ILLUMINA,2018-12-13T00:00:00Z,SRS2781978,GSM2898139,SRP127385,GSM2898139,hiPSC-CMs,,Cardiomyocytes,,50 days,,,,,,,,,,,,,,,,,,,,,,,
SRR8927151,RNA-Seq,302,1151499122,PRJNA533604,SAMN11462136,713691558,GEO,public,"fastq,sra","gs,ncbi,s3","gs.US,ncbi.public,s3.us-east-1",SRX5708204,Illumina HiSeq 2500,PAIRED,cDNA,TRANSCRIPTOMIC,1151,680,Homo sapiens,ILLUMINA,2020-02-20T00:00:00Z,SRS4647413,GSM3729416,SRP192976,GSM3729416,ASP14_day9,A673,,Ewing sarcoma,,,,,,,,,,,,,,,<10,,,,,,,,,
SRR8928257,RNA-Seq,302,841187478,PRJNA533605,SAMN11462621,562768505,GEO,public,"fastq,sra","gs,ncbi,s3","gs.US,ncbi.public,s3.us-east-1",SRX5709306,Illumina HiSeq 2500,PAIRED,cDNA,TRANSCRIPTOMIC,841,536,Homo sapiens,ILLUMINA,2020-02-20T00:00:00Z,SRS4648500,GSM3730041,SRP192991,GSM3730041,rhabdoid.0,I2A,Rhabdoid,Dox+/Smarcb1-/proliferative rhabdoid cells (I2A cell line),,,,,,,,,,,,,,,,,,,,,,,,
SRR9274276,RNA-Seq,302,325808472,PRJNA548370,SAMN12023681,132492983,GEO,public,"fastq,sra","gs,ncbi,s3","gs.US,ncbi.public,s3.us-east-1",SRX6044413,Illumina HiSeq 4000,PAIRED,cDNA,TRANSCRIPTOMIC,325,126,Homo sapiens,ILLUMINA,2019-06-12T00:00:00Z,SRS4947538,GSM3874907,SRP201124,GSM3874907,human peripheral blood dendritic cells and monocytes,,dendritic cells and monocytes,,,,,,,,,,,,,,,,,,,,,,,,,
SRR11412227,RNA-Seq,135,509632928,PRJNA615032,SAMN14444842,216800005,GEO,public,"fastq,sra","gs,ncbi,s3","gs.US,ncbi.public,s3.us-east-1",SRX7990869,NextSeq 500,SINGLE,cDNA,TRANSCRIPTOMIC,Homo sapiens,ILLUMINA,2020-03-26T00:00:00Z,GSM4432381,SRP253951,NHBE,primary human bronchial epithelial cells,GSM4432381,SARS-CoV-2 infected NHBE cells,USA-WA1/2020,24hrs after treatment,SARS-CoV-2 infected (MOI 2),,,,,,,,,,,
SRR11412228,RNA-Seq,135,502224611,PRJNA615032,SAMN14444842,211464661,GEO,public,"fastq,sra","gs,ncbi,s3","gs.US,ncbi.public,s3.us-east-1",SRX7990869,NextSeq 500,SINGLE,cDNA,TRANSCRIPTOMIC,Homo sapiens,ILLUMINA,2020-03-26T00:00:00Z,GSM4432381,SRP253951,NHBE,primary human bronchial epithelial cells,GSM4432381,SARS-CoV-2 infected NHBE cells,USA-WA1/2020,24hrs after treatment,SARS-CoV-2 infected (MOI 2),,,,,,,,,,,
SRR11412229,RNA-Seq,135,513508009,PRJNA615032,SAMN14444842,202972657,GEO,public,"fastq,sra","gs,ncbi,s3","gs.US,ncbi.public,s3.us-east-1",SRX7990869,NextSeq 500,SINGLE,cDNA,TRANSCRIPTOMIC,Homo sapiens,ILLUMINA,2020-03-26T00:00:00Z,GSM4432381,SRP253951,NHBE,primary human bronchial epithelial cells,GSM4432381,SARS-CoV-2 infected NHBE cells,USA-WA1/2020,24hrs after treatment,SARS-CoV-2 infected (MOI 2),,,,,,,,,,,
SRR11412230,RNA-Seq,134,504138200,PRJNA615032,SAMN14444842,197997611,GEO,public,"fastq,sra","gs,ncbi,s3","gs.US,ncbi.public,s3.us-east-1",SRX7990869,NextSeq 500,SINGLE,cDNA,TRANSCRIPTOMIC,Homo sapiens,ILLUMINA,2020-03-26T00:00:00Z,GSM4432381,SRP253951,NHBE,primary human bronchial epithelial cells,GSM4432381,SARS-CoV-2 infected NHBE cells,USA-WA1/2020,24hrs after treatment,SARS-CoV-2 infected (MOI 2),,,,,,,,,,,
SRR10971381,RNA-Seq,283,8031043214,PRJNA603194,SAMN13922059,2743427127,"SHANGHAI PUBLIC HEALTH CLINICAL CENTER & SCHOOL OF PUBLIC HEALTH, FUDAN UNIVERSITY",public,sra,"gs,ncbi,s3","gs.US,ncbi.public,s3.us-east-1",SRX7636886,Illumina MiniSeq,PAIRED,RANDOM,METATRANSCRIPTOMIC,human lung metagenome,ILLUMINA,2020-01-27T00:00:00Z,Human-BALF,SRP245409,,,,,,,,"MIMS.me,MIGS/MIMS/MIMARKS.human-associated",02-Jan-2020,Human,"Department of Pulmonary and Critical Care Medicine\, The Central Hospital of Wuhan\, China",Human BALF sample,China,Asia,China: Wuhan,Homo sapiens,not collected,1
SRR4427249,RNA-Seq,138,78429072,PRJNA348728,SAMN05914806,"MIMS.me,MIGS/MIMS/MIMARKS.human-associated",62237941,NATIONAL JEWISH HEALTH,2012,public,"contigs,fastq,sra","gs,ncbi,s3","gs.US,ncbi.public,s3.us-east-1",human-associated habitat,not applicable,not applicable,SRX2248867,Puerto Rico,North America,Puerto Rico,Control 14,Homo sapiens,Ion Torrent Proton,18.22 N 66.59 W,Control-14,SINGLE,other,METATRANSCRIPTOMIC,human metagenome,ION_TORRENT,2016-12-08T00:00:00Z,Control-14,SRP091658
SRR4427250,RNA-Seq,141,63538939,PRJNA348728,SAMN05914805,"MIMS.me,MIGS/MIMS/MIMARKS.human-associated",50883406,NATIONAL JEWISH HEALTH,2012,public,"contigs,fastq,sra","gs,ncbi,s3","gs.US,ncbi.public,s3.us-east-1",human-associated habitat,not applicable,not applicable,SRX2248868,Puerto Rico,North America,Puerto Rico,Control 13,Homo sapiens,Ion Torrent Proton,18.22 N 66.59 W,Control-13,SINGLE,other,METATRANSCRIPTOMIC,human metagenome,ION_TORRENT,2016-12-08T00:00:00Z,Control-13,SRP091658
SRR4427251,RNA-Seq,144,60091251,PRJNA348728,SAMN05914804,"MIMS.me,MIGS/MIMS/MIMARKS.human-associated",48104225,NATIONAL JEWISH HEALTH,2012,public,"contigs,fastq,sra","gs,ncbi,s3","gs.US,ncbi.public,s3.us-east-1",human-associated habitat,not applicable,not applicable,SRX2248869,Puerto Rico,North America,Puerto Rico,Control 12,Homo sapiens,Ion Torrent Proton,18.22 N 66.59 W,Control-12,SINGLE,other,METATRANSCRIPTOMIC,human metagenome,ION_TORRENT,2016-12-08T00:00:00Z,Control-12,SRP091658
SRR4427252,RNA-Seq,128,68710944,PRJNA348728,SAMN05914803,"MIMS.me,MIGS/MIMS/MIMARKS.human-associated",54620136,NATIONAL JEWISH HEALTH,2012,public,"contigs,fastq,sra","gs,ncbi,s3","gs.US,ncbi.public,s3.us-east-1",human-associated habitat,not applicable,not applicable,SRX2248870,Puerto Rico,North America,Puerto Rico,Control 11,Homo sapiens,Ion Torrent Proton,18.22 N 66.59 W,Control-11,SINGLE,other,METATRANSCRIPTOMIC,human metagenome,ION_TORRENT,2016-12-08T00:00:00Z,Control-11,SRP091658
SRR4427253,RNA-Seq,144,53582577,PRJNA348728,SAMN05914802,"MIMS.me,MIGS/MIMS/MIMARKS.human-associated",42914394,NATIONAL JEWISH HEALTH,2012,public,"contigs,fastq,sra","gs,ncbi,s3","gs.US,ncbi.public,s3.us-east-1",human-associated habitat,not applicable,not applicable,SRX2248871,Puerto Rico,North America,Puerto Rico,Control 10,Homo sapiens,Ion Torrent Proton,18.22 N 66.59 W,Control-10,SINGLE,other,METATRANSCRIPTOMIC,human metagenome,ION_TORRENT,2016-12-08T00:00:00Z,Control-10,SRP091658
SRR4427254,RNA-Seq,153,106926423,PRJNA348728,SAMN05914801,"MIMS.me,MIGS/MIMS/MIMARKS.human-associated",84610645,NATIONAL JEWISH HEALTH,2012,public,"contigs,fastq,sra","gs,ncbi,s3","gs.US,ncbi.public,s3.us-east-1",human-associated habitat,not applicable,not applicable,SRX2248872,Puerto Rico,North America,Puerto Rico,Control 1,Homo sapiens,Ion Torrent Proton,18.22 N 66.59 W,Control-1,SINGLE,other,METATRANSCRIPTOMIC,human metagenome,ION_TORRENT,2016-12-08T00:00:00Z,Control-1,SRP091658
SRR4427255,RNA-Seq,152,116925059,PRJNA348728,SAMN05914800,"MIMS.me,MIGS/MIMS/MIMARKS.human-associated",92569672,NATIONAL JEWISH HEALTH,2012,public,"contigs,fastq,sra","gs,ncbi,s3","gs.US,ncbi.public,s3.us-east-1",human-associated habitat,not applicable,not applicable,SRX2248873,Puerto Rico,North America,Puerto Rico,Control 0,Homo sapiens,Ion Torrent Proton,18.22 N 66.59 W,Control-0,SINGLE,other,METATRANSCRIPTOMIC,human metagenome,ION_TORRENT,2016-12-08T00:00:00Z,Control-0,SRP091658
SRR4427256,RNA-Seq,172,166400726,PRJNA348728,SAMN05914799,"MIMS.me,MIGS/MIMS/MIMARKS.human-associated",131248256,NATIONAL JEWISH HEALTH,2012,public,"contigs,fastq,sra","gs,ncbi,s3","gs.US,ncbi.public,s3.us-east-1",human-associated habitat,not applicable,not applicable,SRX2248874,Puerto Rico,North America,Puerto Rico,Asthma 31,Homo sapiens,Ion Torrent Proton,18.22 N 66.59 W,Asthma-31,SINGLE,other,METATRANSCRIPTOMIC,human metagenome,ION_TORRENT,2016-12-08T00:00:00Z,Asthma-31,SRP091658
SRR4427257,RNA-Seq,178,202214780,PRJNA348728,SAMN05914798,"MIMS.me,MIGS/MIMS/MIMARKS.human-associated",159526851,NATIONAL JEWISH HEALTH,2012,public,"contigs,fastq,sra","gs,ncbi,s3","gs.US,ncbi.public,s3.us-east-1",human-associated habitat,not applicable,not applicable,SRX2248875,Puerto Rico,North America,Puerto Rico,Asthma 30,Homo sapiens,Ion Torrent Proton,18.22 N 66.59 W,Asthma-30,SINGLE,other,METATRANSCRIPTOMIC,human metagenome,ION_TORRENT,2016-12-08T00:00:00Z,Asthma-30,SRP091658
SRR4427258,RNA-Seq,169,134421910,PRJNA348728,SAMN05914797,"MIMS.me,MIGS/MIMS/MIMARKS.human-associated",106597878,NATIONAL JEWISH HEALTH,2012,public,"contigs,fastq,sra","gs,ncbi,s3","gs.US,ncbi.public,s3.us-east-1",human-associated habitat,not applicable,not applicable,SRX2248876,Puerto Rico,North America,Puerto Rico,Asthma 29,Homo sapiens,Ion Torrent Proton,18.22 N 66.59 W,Asthma-29,SINGLE,other,METATRANSCRIPTOMIC,human metagenome,ION_TORRENT,2016-12-08T00:00:00Z,Asthma-29,SRP091658
SRR4427259,RNA-Seq,181,155801206,PRJNA348728,SAMN05914822,"MIMS.me,MIGS/MIMS/MIMARKS.human-associated",122696487,NATIONAL JEWISH HEALTH,2012,public,"contigs,fastq,sra","gs,ncbi,s3","gs.US,ncbi.public,s3.us-east-1",human-associated habitat,not applicable,not applicable,SRX2248877,Puerto Rico,North America,Puerto Rico,Control 30,Homo sapiens,Ion Torrent Proton,18.22 N 66.59 W,Control-30,SINGLE,other,METATRANSCRIPTOMIC,human metagenome,ION_TORRENT,2016-12-08T00:00:00Z,Control-30,SRP091658
SRR4427260,RNA-Seq,177,142127385,PRJNA348728,SAMN05914821,"MIMS.me,MIGS/MIMS/MIMARKS.human-associated",112602870,NATIONAL JEWISH HEALTH,2012,public,"contigs,fastq,sra","gs,ncbi,s3","gs.US,ncbi.public,s3.us-east-1",human-associated habitat,not applicable,not applicable,SRX2248878,Puerto Rico,North America,Puerto Rico,Control 29,Homo sapiens,Ion Torrent Proton,18.22 N 66.59 W,Control-29,SINGLE,other,METATRANSCRIPTOMIC,human metagenome,ION_TORRENT,2016-12-08T00:00:00Z,Control-29,SRP091658
SRR4427261,RNA-Seq,151,95761273,PRJNA348728,SAMN05914824,"MIMS.me,MIGS/MIMS/MIMARKS.human-associated",75873621,NATIONAL JEWISH HEALTH,2012,public,"contigs,fastq,sra","gs,ncbi,s3","gs.US,ncbi.public,s3.us-east-1",human-associated habitat,not applicable,not applicable,SRX2248879,Puerto Rico,North America,Puerto Rico,Control 9,Homo sapiens,Ion Torrent Proton,18.22 N 66.59 W,Control-9,SINGLE,other,METATRANSCRIPTOMIC,human metagenome,ION_TORRENT,2016-12-08T00:00:00Z,Control-9,SRP091658
SRR4427262,RNA-Seq,149,97253012,PRJNA348728,SAMN05914823,"MIMS.me,MIGS/MIMS/MIMARKS.human-associated",77085452,NATIONAL JEWISH HEALTH,2012,public,"contigs,fastq,sra","gs,ncbi,s3","gs.US,ncbi.public,s3.us-east-1",human-associated habitat,not applicable,not applicable,SRX2248880,Puerto Rico,North America,Puerto Rico,Control 6,Homo sapiens,Ion Torrent Proton,18.22 N 66.59 W,Control-6,SINGLE,other,METATRANSCRIPTOMIC,human metagenome,ION_TORRENT,2016-12-08T00:00:00Z,Control-6,SRP091658
SRR4427263,RNA-Seq,168,127470741,PRJNA348728,SAMN05914818,"MIMS.me,MIGS/MIMS/MIMARKS.human-associated",100782734,NATIONAL JEWISH HEALTH,2012,public,"contigs,fastq,sra","gs,ncbi,s3","gs.US,ncbi.public,s3.us-east-1",human-associated habitat,not applicable,not applicable,SRX2248881,Puerto Rico,North America,Puerto Rico,Control 26,Homo sapiens,Ion Torrent Proton,18.22 N 66.59 W,Control-26,SINGLE,other,METATRANSCRIPTOMIC,human metagenome,ION_TORRENT,2016-12-08T00:00:00Z,Control-26,SRP091658
SRR4427264,RNA-Seq,162,130136332,PRJNA348728,SAMN05914817,"MIMS.me,MIGS/MIMS/MIMARKS.human-associated",102958994,NATIONAL JEWISH HEALTH,2012,public,"contigs,fastq,sra","gs,ncbi,s3","gs.US,ncbi.public,s3.us-east-1",human-associated habitat,not applicable,not applicable,SRX2248882,Puerto Rico,North America,Puerto Rico,Control 25,Homo sapiens,Ion Torrent Proton,18.22 N 66.59 W,Control-25,SINGLE,other,METATRANSCRIPTOMIC,human metagenome,ION_TORRENT,2016-12-08T00:00:00Z,Control-25,SRP091658
SRR4427265,RNA-Seq,186,169776148,PRJNA348728,SAMN05914820,"MIMS.me,MIGS/MIMS/MIMARKS.human-associated",133644557,NATIONAL JEWISH HEALTH,2012,public,"contigs,fastq,sra","gs,ncbi,s3","gs.US,ncbi.public,s3.us-east-1",human-associated habitat,not applicable,not applicable,SRX2248883,Puerto Rico,North America,Puerto Rico,Control 28,Homo sapiens,Ion Torrent Proton,18.22 N 66.59 W,Control-28,SINGLE,other,METATRANSCRIPTOMIC,human metagenome,ION_TORRENT,2016-12-08T00:00:00Z,Control-28,SRP091658
SRR4427266,RNA-Seq,171,139712963,PRJNA348728,SAMN05914819,"MIMS.me,MIGS/MIMS/MIMARKS.human-associated",110385730,NATIONAL JEWISH HEALTH,2012,public,"contigs,fastq,sra","gs,ncbi,s3","gs.US,ncbi.public,s3.us-east-1",human-associated habitat,not applicable,not applicable,SRX2248884,Puerto Rico,North America,Puerto Rico,Control 27,Homo sapiens,Ion Torrent Proton,18.22 N 66.59 W,Control-27,SINGLE,other,METATRANSCRIPTOMIC,human metagenome,ION_TORRENT,2016-12-08T00:00:00Z,Control-27,SRP091658
SRR4427267,RNA-Seq,187,188869167,PRJNA348728,SAMN05914815,"MIMS.me,MIGS/MIMS/MIMARKS.human-associated",148848149,NATIONAL JEWISH HEALTH,2012,public,"contigs,fastq,sra","gs,ncbi,s3","gs.US,ncbi.public,s3.us-east-1",human-associated habitat,not applicable,not applicable,SRX2248885,Puerto Rico,North America,Puerto Rico,Control 23,Homo sapiens,Ion Torrent Proton,18.22 N 66.59 W,Control-23,SINGLE,other,METATRANSCRIPTOMIC,human metagenome,ION_TORRENT,2016-12-08T00:00:00Z,Control-23,SRP091658
SRR4427268,RNA-Seq,181,205569861,PRJNA348728,SAMN05914816,"MIMS.me,MIGS/MIMS/MIMARKS.human-associated",162155739,NATIONAL JEWISH HEALTH,2012,public,"contigs,fastq,sra","gs,ncbi,s3","gs.US,ncbi.public,s3.us-east-1",human-associated habitat,not applicable,not applicable,SRX2248886,Puerto Rico,North America,Puerto Rico,Control 24,Homo sapiens,Ion Torrent Proton,18.22 N 66.59 W,Control-24,SINGLE,other,METATRANSCRIPTOMIC,human metagenome,ION_TORRENT,2016-12-08T00:00:00Z,Control-24,SRP091658
SRR4427269,RNA-Seq,135,111000727,PRJNA348728,SAMN05914807,"MIMS.me,MIGS/MIMS/MIMARKS.human-associated",87984428,NATIONAL JEWISH HEALTH,2012,public,"contigs,fastq,sra","gs,ncbi,s3","gs.US,ncbi.public,s3.us-east-1",human-associated habitat,not applicable,not applicable,SRX2248887,Puerto Rico,North America,Puerto Rico,Control 15,Homo sapiens,Ion Torrent Proton,18.22 N 66.59 W,Control-15,SINGLE,other,METATRANSCRIPTOMIC,human metagenome,ION_TORRENT,2016-12-08T00:00:00Z,Control-15,SRP091658
SRR4427270,RNA-Seq,134,86193200,PRJNA348728,SAMN05914808,"MIMS.me,MIGS/MIMS/MIMARKS.human-associated",68300308,NATIONAL JEWISH HEALTH,2012,public,"contigs,fastq,sra","gs,ncbi,s3","gs.US,ncbi.public,s3.us-east-1",human-associated habitat,not applicable,not applicable,SRX2248888,Puerto Rico,North America,Puerto Rico,Control 16,Homo sapiens,Ion Torrent Proton,18.22 N 66.59 W,Control-16,SINGLE,other,METATRANSCRIPTOMIC,human metagenome,ION_TORRENT,2016-12-08T00:00:00Z,Control-16,SRP091658
SRR4427271,RNA-Seq,144,53950628,PRJNA348728,SAMN05914809,"MIMS.me,MIGS/MIMS/MIMARKS.human-associated",43193902,NATIONAL JEWISH HEALTH,2012,public,"contigs,fastq,sra","gs,ncbi,s3","gs.US,ncbi.public,s3.us-east-1",human-associated habitat,not applicable,not applicable,SRX2248889,Puerto Rico,North America,Puerto Rico,Control 17,Homo sapiens,Ion Torrent Proton,18.22 N 66.59 W,Control-17,SINGLE,other,METATRANSCRIPTOMIC,human metagenome,ION_TORRENT,2016-12-08T00:00:00Z,Control-17,SRP091658
SRR4427272,RNA-Seq,128,66650909,PRJNA348728,SAMN05914810,"MIMS.me,MIGS/MIMS/MIMARKS.human-associated",52983995,NATIONAL JEWISH HEALTH,2012,public,"contigs,fastq,sra","gs,ncbi,s3","gs.US,ncbi.public,s3.us-east-1",human-associated habitat,not applicable,not applicable,SRX2248890,Puerto Rico,North America,Puerto Rico,Control 18,Homo sapiens,Ion Torrent Proton,18.22 N 66.59 W,Control-18,SINGLE,other,METATRANSCRIPTOMIC,human metagenome,ION_TORRENT,2016-12-08T00:00:00Z,Control-18,SRP091658
SRR4427273,RNA-Seq,172,138193058,PRJNA348728,SAMN05914811,"MIMS.me,MIGS/MIMS/MIMARKS.human-associated",109033797,NATIONAL JEWISH HEALTH,2012,public,"contigs,fastq,sra","gs,ncbi,s3","gs.US,ncbi.public,s3.us-east-1",human-associated habitat,not applicable,not applicable,SRX2248891,Puerto Rico,North America,Puerto Rico,Control 19,Homo sapiens,Ion Torrent Proton,18.22 N 66.59 W,Control-19,SINGLE,other,METATRANSCRIPTOMIC,human metagenome,ION_TORRENT,2016-12-08T00:00:00Z,Control-19,SRP091658
SRR4427274,RNA-Seq,166,110243844,PRJNA348728,SAMN05914812,"MIMS.me,MIGS/MIMS/MIMARKS.human-associated",87267008,NATIONAL JEWISH HEALTH,2012,public,"contigs,fastq,sra","gs,ncbi,s3","gs.US,ncbi.public,s3.us-east-1",human-associated habitat,not applicable,not applicable,SRX2248892,Puerto Rico,North America,Puerto Rico,Control 20,Homo sapiens,Ion Torrent Proton,18.22 N 66.59 W,Control-20,SINGLE,other,METATRANSCRIPTOMIC,human metagenome,ION_TORRENT,2016-12-08T00:00:00Z,Control-20,SRP091658
SRR4427275,RNA-Seq,170,122360081,PRJNA348728,SAMN05914813,"MIMS.me,MIGS/MIMS/MIMARKS.human-associated",96465919,NATIONAL JEWISH HEALTH,2012,public,"contigs,fastq,sra","gs,ncbi,s3","gs.US,ncbi.public,s3.us-east-1",human-associated habitat,not applicable,not applicable,SRX2248893,Puerto Rico,North America,Puerto Rico,Control 21,Homo sapiens,Ion Torrent Proton,18.22 N 66.59 W,Control-21,SINGLE,other,METATRANSCRIPTOMIC,human metagenome,ION_TORRENT,2016-12-08T00:00:00Z,Control-21,SRP091658
SRR4427276,RNA-Seq,183,156369212,PRJNA348728,SAMN05914814,"MIMS.me,MIGS/MIMS/MIMARKS.human-associated",123276778,NATIONAL JEWISH HEALTH,2012,public,"contigs,fastq,sra","gs,ncbi,s3","gs.US,ncbi.public,s3.us-east-1",human-associated habitat,not applicable,not applicable,SRX2248894,Puerto Rico,North America,Puerto Rico,Control 22,Homo sapiens,Ion Torrent Proton,18.22 N 66.59 W,Control-22,SINGLE,other,METATRANSCRIPTOMIC,human metagenome,ION_TORRENT,2016-12-08T00:00:00Z,Control-22,SRP091658
SRR4427277,RNA-Seq,181,151612896,PRJNA348728,SAMN05914789,"MIMS.me,MIGS/MIMS/MIMARKS.human-associated",119607343,NATIONAL JEWISH HEALTH,2012,public,"contigs,fastq,sra","gs,ncbi,s3","gs.US,ncbi.public,s3.us-east-1",human-associated habitat,not applicable,not applicable,SRX2248895,Puerto Rico,North America,Puerto Rico,Asthma 20,Homo sapiens,Ion Torrent Proton,18.22 N 66.59 W,Asthma-20,SINGLE,other,METATRANSCRIPTOMIC,human metagenome,ION_TORRENT,2016-12-08T00:00:00Z,Asthma-20,SRP091658
SRR4427278,RNA-Seq,183,182983965,PRJNA348728,SAMN05914790,"MIMS.me,MIGS/MIMS/MIMARKS.human-associated",144094575,NATIONAL JEWISH HEALTH,2012,public,"contigs,fastq,sra","gs,ncbi,s3","gs.US,ncbi.public,s3.us-east-1",human-associated habitat,not applicable,not applicable,SRX2248896,Puerto Rico,North America,Puerto Rico,Asthma 21,Homo sapiens,Ion Torrent Proton,18.22 N 66.59 W,Asthma-21,SINGLE,other,METATRANSCRIPTOMIC,human metagenome,ION_TORRENT,2016-12-08T00:00:00Z,Asthma-21,SRP091658
SRR4427279,RNA-Seq,143,74610673,PRJNA348728,SAMN05914787,"MIMS.me,MIGS/MIMS/MIMARKS.human-associated",59681009,NATIONAL JEWISH HEALTH,2012,public,"contigs,fastq,sra","gs,ncbi,s3","gs.US,ncbi.public,s3.us-east-1",human-associated habitat,not applicable,not applicable,SRX2248897,Puerto Rico,North America,Puerto Rico,Asthma 18,Homo sapiens,Ion Torrent Proton,18.22 N 66.59 W,Asthma-18,SINGLE,other,METATRANSCRIPTOMIC,human metagenome,ION_TORRENT,2016-12-08T00:00:00Z,Asthma-18,SRP091658
SRR4427280,RNA-Seq,168,115119865,PRJNA348728,SAMN05914788,"MIMS.me,MIGS/MIMS/MIMARKS.human-associated",90967071,NATIONAL JEWISH HEALTH,2012,public,"contigs,fastq,sra","gs,ncbi,s3","gs.US,ncbi.public,s3.us-east-1",human-associated habitat,not applicable,not applicable,SRX2248898,Puerto Rico,North America,Puerto Rico,Asthma 19,Homo sapiens,Ion Torrent Proton,18.22 N 66.59 W,Asthma-19,SINGLE,other,METATRANSCRIPTOMIC,human metagenome,ION_TORRENT,2016-12-08T00:00:00Z,Asthma-19,SRP091658
SRR4427281,RNA-Seq,181,193138438,PRJNA348728,SAMN05914793,"MIMS.me,MIGS/MIMS/MIMARKS.human-associated",152279274,NATIONAL JEWISH HEALTH,2012,public,"contigs,fastq,sra","gs,ncbi,s3","gs.US,ncbi.public,s3.us-east-1",human-associated habitat,not applicable,not applicable,SRX2248899,Puerto Rico,North America,Puerto Rico,Asthma 24,Homo sapiens,Ion Torrent Proton,18.22 N 66.59 W,Asthma-24,SINGLE,other,METATRANSCRIPTOMIC,human metagenome,ION_TORRENT,2016-12-08T00:00:00Z,Asthma-24,SRP091658
SRR4427282,RNA-Seq,179,150397357,PRJNA348728,SAMN05914794,"MIMS.me,MIGS/MIMS/MIMARKS.human-associated",118555245,NATIONAL JEWISH HEALTH,2012,public,"contigs,fastq,sra","gs,ncbi,s3","gs.US,ncbi.public,s3.us-east-1",human-associated habitat,not applicable,not applicable,SRX2248900,Puerto Rico,North America,Puerto Rico,Asthma 25,Homo sapiens,Ion Torrent Proton,18.22 N 66.59 W,Asthma-25,SINGLE,other,METATRANSCRIPTOMIC,human metagenome,ION_TORRENT,2016-12-08T00:00:00Z,Asthma-25,SRP091658
SRR4427283,RNA-Seq,162,130618145,PRJNA348728,SAMN05914791,"MIMS.me,MIGS/MIMS/MIMARKS.human-associated",103243258,NATIONAL JEWISH HEALTH,2012,public,"contigs,fastq,sra","gs,ncbi,s3","gs.US,ncbi.public,s3.us-east-1",human-associated habitat,not applicable,not applicable,SRX2248901,Puerto Rico,North America,Puerto Rico,Asthma 22,Homo sapiens,Ion Torrent Proton,18.22 N 66.59 W,Asthma-22,SINGLE,other,METATRANSCRIPTOMIC,human metagenome,ION_TORRENT,2016-12-08T00:00:00Z,Asthma-22,SRP091658
SRR4427284,RNA-Seq,165,111527444,PRJNA348728,SAMN05914792,"MIMS.me,MIGS/MIMS/MIMARKS.human-associated",88251723,NATIONAL JEWISH HEALTH,2012,public,"contigs,fastq,sra","gs,ncbi,s3","gs.US,ncbi.public,s3.us-east-1",human-associated habitat,not applicable,not applicable,SRX2248902,Puerto Rico,North America,Puerto Rico,Asthma 23,Homo sapiens,Ion Torrent Proton,18.22 N 66.59 W,Asthma-23,SINGLE,other,METATRANSCRIPTOMIC,human metagenome,ION_TORRENT,2016-12-08T00:00:00Z,Asthma-23,SRP091658
SRR4427285,RNA-Seq,182,132321927,PRJNA348728,SAMN05914795,"MIMS.me,MIGS/MIMS/MIMARKS.human-associated",104265984,NATIONAL JEWISH HEALTH,2012,public,"contigs,fastq,sra","gs,ncbi,s3","gs.US,ncbi.public,s3.us-east-1",human-associated habitat,not applicable,not applicable,SRX2248903,Puerto Rico,North America,Puerto Rico,Asthma 26,Homo sapiens,Ion Torrent Proton,18.22 N 66.59 W,Asthma-26,SINGLE,other,METATRANSCRIPTOMIC,human metagenome,ION_TORRENT,2016-12-08T00:00:00Z,Asthma-26,SRP091658
SRR4427286,RNA-Seq,186,161899509,PRJNA348728,SAMN05914796,"MIMS.me,MIGS/MIMS/MIMARKS.human-associated",127346521,NATIONAL JEWISH HEALTH,2011,public,"contigs,fastq,sra","gs,ncbi,s3","gs.US,ncbi.public,s3.us-east-1",human-associated habitat,not applicable,not applicable,SRX2248904,Puerto Rico,North America,Puerto Rico,Asthma 27,Homo sapiens,Ion Torrent Proton,18.22 N 66.59 W,Asthma-27,SINGLE,other,METATRANSCRIPTOMIC,human metagenome,ION_TORRENT,2016-12-08T00:00:00Z,Asthma-27,SRP091658
SRR4427287,RNA-Seq,125,77015530,PRJNA348728,SAMN05914785,"MIMS.me,MIGS/MIMS/MIMARKS.human-associated",61199220,NATIONAL JEWISH HEALTH,2012,public,"contigs,fastq,sra","gs,ncbi,s3","gs.US,ncbi.public,s3.us-east-1",human-associated habitat,not applicable,not applicable,SRX2248905,Puerto Rico,North America,Puerto Rico,Asthma 16,Homo sapiens,Ion Torrent Proton,18.22 N 66.59 W,Asthma-16,SINGLE,other,METATRANSCRIPTOMIC,human metagenome,ION_TORRENT,2016-12-08T00:00:00Z,Asthma-16,SRP091658
SRR4427288,RNA-Seq,137,43852259,PRJNA348728,SAMN05914786,"MIMS.me,MIGS/MIMS/MIMARKS.human-associated",35180498,NATIONAL JEWISH HEALTH,2012,public,"contigs,fastq,sra","gs,ncbi,s3","gs.US,ncbi.public,s3.us-east-1",human-associated habitat,not applicable,not applicable,SRX2248906,Puerto Rico,North America,Puerto Rico,Asthma 17,Homo sapiens,Ion Torrent Proton,18.22 N 66.59 W,Asthma-17,SINGLE,other,METATRANSCRIPTOMIC,human metagenome,ION_TORRENT,2016-12-08T00:00:00Z,Asthma-17,SRP091658
SRR4427289,RNA-Seq,148,89887361,PRJNA348728,SAMN05914777,"MIMS.me,MIGS/MIMS/MIMARKS.human-associated",71238900,NATIONAL JEWISH HEALTH,2011,public,"contigs,fastq,sra","gs,ncbi,s3","gs.US,ncbi.public,s3.us-east-1",human-associated habitat,not applicable,not applicable,SRX2248907,Puerto Rico,North America,Puerto Rico,Asthma 1,Homo sapiens,Ion Torrent Proton,18.22 N 66.59 W,Asthma-1,SINGLE,other,METATRANSCRIPTOMIC,human metagenome,ION_TORRENT,2016-12-08T00:00:00Z,Asthma-1,SRP091658
SRR4427290,RNA-Seq,150,92907227,PRJNA348728,SAMN05914778,"MIMS.me,MIGS/MIMS/MIMARKS.human-associated",73643128,NATIONAL JEWISH HEALTH,2012,public,"contigs,fastq,sra","gs,ncbi,s3","gs.US,ncbi.public,s3.us-east-1",human-associated habitat,not applicable,not applicable,SRX2248908,Puerto Rico,North America,Puerto Rico,Asthma 4,Homo sapiens,Ion Torrent Proton,18.22 N 66.59 W,Asthma-4,SINGLE,other,METATRANSCRIPTOMIC,human metagenome,ION_TORRENT,2016-12-08T00:00:00Z,Asthma-4,SRP091658
SRR4427291,RNA-Seq,145,84512834,PRJNA348728,SAMN05914779,"MIMS.me,MIGS/MIMS/MIMARKS.human-associated",66959092,NATIONAL JEWISH HEALTH,2012,public,"contigs,fastq,sra","gs,ncbi,s3","gs.US,ncbi.public,s3.us-east-1",human-associated habitat,not applicable,not applicable,SRX2248909,Puerto Rico,North America,Puerto Rico,Asthma 10,Homo sapiens,Ion Torrent Proton,18.22 N 66.59 W,Asthma-10,SINGLE,other,METATRANSCRIPTOMIC,human metagenome,ION_TORRENT,2016-12-08T00:00:00Z,Asthma-10,SRP091658
SRR4427292,RNA-Seq,138,85529853,PRJNA348728,SAMN05914780,"MIMS.me,MIGS/MIMS/MIMARKS.human-associated",67709277,NATIONAL JEWISH HEALTH,2012,public,"contigs,fastq,sra","gs,ncbi,s3","gs.US,ncbi.public,s3.us-east-1",human-associated habitat,not applicable,not applicable,SRX2248910,Puerto Rico,North America,Puerto Rico,Asthma 11,Homo sapiens,Ion Torrent Proton,18.22 N 66.59 W,Asthma-11,SINGLE,other,METATRANSCRIPTOMIC,human metagenome,ION_TORRENT,2016-12-08T00:00:00Z,Asthma-11,SRP091658
SRR4427293,RNA-Seq,150,124383306,PRJNA348728,SAMN05914781,"MIMS.me,MIGS/MIMS/MIMARKS.human-associated",97612790,NATIONAL JEWISH HEALTH,2012,public,"contigs,fastq,sra","gs,ncbi,s3","gs.US,ncbi.public,s3.us-east-1",human-associated habitat,not applicable,not applicable,SRX2248911,Puerto Rico,North America,Puerto Rico,Asthma 12,Homo sapiens,Ion Torrent Proton,18.22 N 66.59 W,Asthma-12,SINGLE,other,METATRANSCRIPTOMIC,human metagenome,ION_TORRENT,2016-12-08T00:00:00Z,Asthma-12,SRP091658
SRR4427294,RNA-Seq,145,54091704,PRJNA348728,SAMN05914782,"MIMS.me,MIGS/MIMS/MIMARKS.human-associated",43316760,NATIONAL JEWISH HEALTH,2012,public,"contigs,fastq,sra","gs,ncbi,s3","gs.US,ncbi.public,s3.us-east-1",human-associated habitat,not applicable,not applicable,SRX2248912,Puerto Rico,North America,Puerto Rico,Asthma 13,Homo sapiens,Ion Torrent Proton,18.22 N 66.59 W,Asthma-13,SINGLE,other,METATRANSCRIPTOMIC,human metagenome,ION_TORRENT,2016-12-08T00:00:00Z,Asthma-13,SRP091658
SRR4427295,RNA-Seq,125,48230210,PRJNA348728,SAMN05914783,"MIMS.me,MIGS/MIMS/MIMARKS.human-associated",38400099,NATIONAL JEWISH HEALTH,2012,public,"contigs,fastq,sra","gs,ncbi,s3","gs.US,ncbi.public,s3.us-east-1",human-associated habitat,not applicable,not applicable,SRX2248913,Puerto Rico,North America,Puerto Rico,Asthma 14,Homo sapiens,Ion Torrent Proton,18.22 N 66.59 W,Asthma-14,SINGLE,other,METATRANSCRIPTOMIC,human metagenome,ION_TORRENT,2016-12-08T00:00:00Z,Asthma-14,SRP091658
SRR4427296,RNA-Seq,142,84886293,PRJNA348728,SAMN05914784,"MIMS.me,MIGS/MIMS/MIMARKS.human-associated",67795764,NATIONAL JEWISH HEALTH,2012,public,"contigs,fastq,sra","gs,ncbi,s3","gs.US,ncbi.public,s3.us-east-1",human-associated habitat,not applicable,not applicable,SRX2248914,Puerto Rico,North America,Puerto Rico,Asthma 15,Homo sapiens,Ion Torrent Proton,18.22 N 66.59 W,Asthma-15,SINGLE,other,METATRANSCRIPTOMIC,human metagenome,ION_TORRENT,2016-12-08T00:00:00Z,Asthma-15,SRP091658
