acc,Assay Type,AvgSpotLen,Bases,BioProject,BioSample,Bytes,Center Name,Consent,DATASTORE_filetype_ss,DATASTORE_provider_ss,DATASTORE_region_ss,Experiment,Instrument,LibraryLayout,LibrarySelection,LibrarySource,MBases,MBytes,Organism,Platform,ReleaseDate,sample_acc,Sample Name,SRA Study,GEO_Accession (exp),source_name,Cell_Line,Cell_type,tissue,Age,Library Name,adapter_sequence,Barcode,Biomaterial_provider,BioSampleModel,cell_population,Description,disease,Donor,gender,hsv-1_infection,isolate,number_of_cells_in_sample,passages,RNA_Isolation,RNA-seq_Data_Files,sample_name,sample_title,sequencing_id,sex,stage,storage,taxonomy_id
SRR4895842,RNA-Seq,302,137964472,PRJNA352390,SAMN05977845,73595342,GEO,public,"contigs,fastq,sra","gs,ncbi,s3","gs.US,ncbi.public,s3.us-east-1",SRX2325205,Illumina HiSeq 4000,PAIRED,cDNA,TRANSCRIPTOMIC,137,70,Homo sapiens,ILLUMINA,2018-07-26T00:00:00Z,SRS1781039,GSM2374356,SRP092548,GSM2374356,Cytotrophoblast of Week 8,,Cytotrophoblast,,,,,,,,HLA-G-/CDH1+,,,,,,,,,,,,,,,Week 8,,
SRR5375307,RNA-Seq,151,271698981,PRJNA380343,SAMN06640997,170399983,GEO,public,"fastq,sra,unknown_contigs","gs,ncbi,s3","gs.US,ncbi.public,s3.us-east-1",SRX2670680,Illumina HiSeq 2500,SINGLE,cDNA,TRANSCRIPTOMIC,271,162,Homo sapiens,ILLUMINA,2017-07-17T00:00:00Z,SRS2070042,GSM2548675,SRP102433,GSM2548675,CD8+ CMV-specific T cell donor 1,,,CD8+ CMV-specific T cell,,,,,,,,,,Donor 1,,,,1,,,,,,,,,,
SRR5515378,RNA-Seq,302,2419279720,PRJNA352881,SAMN06819413,1276333637,HANGZHOU CANCER HOSPITAL,public,"fastq,sra","gs,ncbi,s3","gs.US,ncbi.public,s3.us-east-1",SRX2788737,Illumina HiSeq 4000,PAIRED,cDNA,TRANSCRIPTOMIC,2419,1217,Homo sapiens,ILLUMINA,2018-05-11T00:00:00Z,SRS2170287,single-cell KYSE30-33,SRP106621,,,KYSE-30,Cancer cells from esophageal,Human esophageal,64,154,,,JCRB cell bank,Human,,,,,,,Human esophageal squamous cancer cells,,,,154,,,,male,,,
SRR6116514,RNA-Seq,151,1934235859,PRJNA380401,SAMN07716854,688945020,GEO,public,"fastq,sra","gs,ncbi,s3","gs.US,ncbi.public,s3.us-east-1",SRX3229272,Illumina HiSeq 4000,SINGLE,cDNA,TRANSCRIPTOMIC,1934,657,Homo sapiens,ILLUMINA,2017-10-10T00:00:00Z,SRS2553840,GSM2787810,SRP102444,GSM2787810,HeLa cells,HeLa,,,,,GATCGGAAGAGCACACGT,TAGGCAT,,,,,,,,Infected 4h before harvesting,,,,total RNA,,,,,,,,
SRR6411409,RNA-Seq,151,4906235375,PRJNA427270,SAMN08226006,2599472224,GEO,public,"fastq,sra","gs,ncbi,s3","gs.US,ncbi.public,s3.us-east-1",SRX3504425,Illumina HiSeq 4000,SINGLE,cDNA,TRANSCRIPTOMIC,4906,2479,Homo sapiens,ILLUMINA,2018-12-13T00:00:00Z,SRS2781978,GSM2898139,SRP127385,GSM2898139,hiPSC-CMs,,Cardiomyocytes,,50 days,,,,,,,,,,,,,,,,,,,,,,,
DRR028492,RNA-Seq,302,1022089102,PRJDB3416,SAMD00023530,718893869,RIKEN_CLST_DGT,public,sra,"gs,ncbi,s3","gs.US,ncbi.public,s3.us-east-1",DRX019715,Illumina HiSeq 2500,PAIRED,cDNA,TRANSCRIPTOMIC,1022,685,Homo sapiens,ILLUMINA,2015-01-14T00:00:00Z,DRS016933,DRS016933,DRP002435,,,HeLa S3,,,,RNhi10397,,,,,,Cervix-Epithelium adenocarcinoma cell line HeLa S3,,,,,,,,,,Cell line HeLa S3,Cell line HeLa S3,,,,,9606
SRR9274276,RNA-Seq,302,325808472,PRJNA548370,SAMN12023681,132492983,GEO,public,"fastq,sra","gs,ncbi,s3","gs.US,ncbi.public,s3.us-east-1",SRX6044413,Illumina HiSeq 4000,PAIRED,cDNA,TRANSCRIPTOMIC,325,126,Homo sapiens,ILLUMINA,2019-06-12T00:00:00Z,SRS4947538,GSM3874907,SRP201124,GSM3874907,human peripheral blood dendritic cells and monocytes,,dendritic cells and monocytes,,,,,,,,,,,,,,,,,,,,,,,,,
SRR8927151,RNA-Seq,302,1151499122,PRJNA533604,SAMN11462136,713691558,GEO,public,"fastq,sra","gs,ncbi,s3","gs.US,ncbi.public,s3.us-east-1",SRX5708204,Illumina HiSeq 2500,PAIRED,cDNA,TRANSCRIPTOMIC,1151,680,Homo sapiens,ILLUMINA,2020-02-20T00:00:00Z,SRS4647413,GSM3729416,SRP192976,GSM3729416,ASP14_day9,A673,,Ewing sarcoma,,,,,,,,,,,,,,,<10,,,,,,,,,
SRR10303453,RNA-Seq,150,2980198042,PRJNA578166,SAMN13051792,1588791175,GEO,public,"fastq,sra","gs,ncbi,s3","gs.US,ncbi.public,s3.us-east-1",SRX7016070,Illumina HiSeq 4000,SINGLE,cDNA,TRANSCRIPTOMIC,2980,1515,Homo sapiens,ILLUMINA,2019-10-29T00:00:00Z,SRS5537590,GSM4128538,SRP226115,GSM4128538,Kidney,,,Kidney,33,,,,,,,,AKI,,female,,,,,,,,,ATR18,,,OCT at -80C,
SRR8928257,RNA-Seq,302,841187478,PRJNA533605,SAMN11462621,562768505,GEO,public,"fastq,sra","gs,ncbi,s3","gs.US,ncbi.public,s3.us-east-1",SRX5709306,Illumina HiSeq 2500,PAIRED,cDNA,TRANSCRIPTOMIC,841,536,Homo sapiens,ILLUMINA,2020-02-20T00:00:00Z,SRS4648500,GSM3730041,SRP192991,GSM3730041,rhabdoid.0,I2A,Rhabdoid,Dox+/Smarcb1-/proliferative rhabdoid cells (I2A cell line),,,,,,,,,,,,,,,,,,,,,,,,
